chr,start,end,state,median,integer_median,integer_copy_number,cell_id
1,1,32500000,2,1.000000,2.000000,2,CELL-1
21,44000001,48500000,5,3.29343818,3.91595730,4,CELL-2
17,64500001,70000000,8,7.04537928,8.37708281,8,CELL-2
